{"neutrons":[{"id":2,"weights":[0.4290557124912451,0.663207678627221]},{"id":0,"weights":[1.6160331862617578,1.3078737892581382]},{"id":1,"weights":[2.631553072435172,1.027677392747873]}]}