{"neutrons":[{"id":0,"weights":[0.7177435699958865,1.440950692040646]},{"id":1,"weights":[0.1843262779690096,2.9959046269624214]},{"id":2,"weights":[1.2082496955191975,0.8188457973571985]}]}